blockNumber,timeStamp,hash,nonce,blockHash,transactionIndex,from,to,value,gas,gasPrice,isError,txreceipt_status,input,contractAddress,cumulativeGasUsed,gasUsed,confirmations,methodId,functionName
23798885,1763140859,0x6bc220b7fe2fac469955bb4eb0804b1a8f76385d306ca25975d5fdbb127e322d,13,0xc1f235916bd5fc2aac093415d7634abfdd77b5bcea2b4917874a9dfcca6cb2f5,187,0xbe982c014bc3b3d847782e9fc1162ab34f260134,0x8820fabc529d143ddbc52c48ad45c1d65dff44e2,19000000000000000,21000,710595431,0,1,0x,,16866843,21000,69,0x,
23798880,1763140799,0x80d9979d088aa2372d6c5f45cd97479689c01711c65ace041fb8e86ac4716469,12,0xddc885c48329b75dc80ce0634335044ad9ea2bddb9d1c61a4eea2188dca3c360,86,0xbe982c014bc3b3d847782e9fc1162ab34f260134,0xb300000b72deaeb607a12d5f54773d1c19c7028d,0,407706,702560710,0,1,0x810c705b000000000000000000000000ce57c3984a549f28b5173ebae96d3e662f3760a70000000000000000000000003d90f66b534dd8482b181e24655a9e8265316be9a0000000000000000000000068a47fe1cf42eba4a030a10cd4d6a1031ca3ca0a00000000000000000000000000000000000000000000000000000002540be400000000000000000000000000000000000000000000000000000000000000000000000000000000000000000000000000000000000000000000483acab913833b00000000000000000000000000000000000000000000000000000000000000e000000000000000000000000000000000000000000000000000000000000004a447ee97ff0000000000000000000000000000000000000000000000004a907fd9d7618c5f00000000000000000000000000000000000000000000000000000000000000000000000000000000000000000000000000000000000000000000000000000000000000000000000000000000000000000000000000000000000000000000000000000000000000000000000000000000000000000000000000491b605bf8cd60000000000000000000000000000000000000000000000000000000000000000000000000000000000000000068a47fe1cf42eba4a030a10cd4d6a1031ca3ca0a000000000000000000000000eeeeeeeeeeeeeeeeeeeeeeeeeeeeeeeeeeeeeeee00000000000000000000000000000000000000000000000000000002540be40000000000000000000000000000000000000000000000000000483acab913833c00000000000000000000000000000000000000000000000000000000691766ac00000000000000000000000000000000000000000000000000000000000001c000000000000000000000000000000000000000000000000000000000000002000000000000000000000000000000000000000000000000000000000000000440000000000000000000000000000000000000000000000000000000000000000100000000000000000000000000000000000000000000000000000002540be400000000000000000000000000000000000000000000000000000000000000000100000000000000000000000000000000000000000000000000000000000000200000000000000000000000000000000000000000000000000000000000000001000000000000000000000000000000000000000000000000000000000000002000000000000000000000000000000000000000000000000000000000000000a000000000000000000000000000000000000000000000000000000000000000e00000000000000000000000000000000000000000000000000000000000000120000000000000000000000000000000000000000000000000000000000000016000000000000000000000000068a47fe1cf42eba4a030a10cd4d6a1031ca3ca0a00000000000000000000000000000000000000000000000000000000000000010000000000000000000000004a4ef9ee3e64896d67e45d3599020707742d366a0000000000000000000000000000000000000000000000000000000000000001000000000000000000000000efdf4dfc4e817197851266acf0082a80dab18b240000000000000000000000000000000000000000000000000000000000000001000000000000000000002710efdf4dfc4e817197851266acf0082a80dab18b2400000000000000000000000000000000000000000000000000000000000000010000000000000000000000000000000000000000000000000000000000000020000000000000000000000000000000000000000000000000000000000000000000000000000000000000000000000000000000000000000000000000000000000000000000000000000000000000000000000000000000000000000000000000000000000000000000000000000000000000000000000000000000000000000000000000000000000000000000000000000000000000000000000000,,14202539,265718,74,0x810c705b,
23783908,1762959731,0x1a9ca74cbc927f4e09fe155c7ac91309e594eee354cdb52ba993da313cdfbc3d,11,0x6abd873dfdddc9fd46f6bfb1649acff437a6c72f5b67f5215eb675c51ff39e3a,189,0xbe982c014bc3b3d847782e9fc1162ab34f260134,0x6e647fe4c1575cf7a7414be6b5b4f7b72e5b4973,10000000000000000,21000,930091124,0,1,0x,,17683814,21000,15046,0x,
23783899,1762959623,0x2e750e1a5f09ed32241ccf66de14e654f661a7cb6fb94a80b47d08a4fb44dee3,10,0xdff713b9377dbf7d5040c5e08176004f52a5381a69ffa7e4120a2c2b690815e9,82,0xbe982c014bc3b3d847782e9fc1162ab34f260134,0xb300000b72deaeb607a12d5f54773d1c19c7028d,0,407691,771219348,0,1,0x810c705b000000000000000000000000ce57c3984a549f28b5173ebae96d3e662f3760a70000000000000000000000003d90f66b534dd8482b181e24655a9e8265316be900000000000000000000000068a47fe1cf42eba4a030a10cd4d6a1031ca3ca0a000000000000000000000000000000000000000000000000000000010c388d000000000000000000000000000000000000000000000000000000000000000000000000000000000000000000000000000000000000000000002008b73f51332600000000000000000000000000000000000000000000000000000000000000e000000000000000000000000000000000000000000000000000000000000004a447ee97ff000000000000000000000000000000000000000000000000cebd604063318fe200000000000000000000000000000000000000000000000000000000000000000000000000000000000000000000000000000000000000000000000000000000000000000000000000000000000000000000000000000000000000000000000000000000000000000000000000000000000000000000000000206c51d44bf7a9000000000000000000000000000000000000000000000000000000000000000000000000000000000000000068a47fe1cf42eba4a030a10cd4d6a1031ca3ca0a000000000000000000000000eeeeeeeeeeeeeeeeeeeeeeeeeeeeeeeeeeeeeeee000000000000000000000000000000000000000000000000000000010c388d00000000000000000000000000000000000000000000000000002008b73f513327000000000000000000000000000000000000000000000000000000006914a2ef00000000000000000000000000000000000000000000000000000000000001c0000000000000000000000000000000000000000000000000000000000000020000000000000000000000000000000000000000000000000000000000000004400000000000000000000000000000000000000000000000000000000000000001000000000000000000000000000000000000000000000000000000010c388d00000000000000000000000000000000000000000000000000000000000000000100000000000000000000000000000000000000000000000000000000000000200000000000000000000000000000000000000000000000000000000000000001000000000000000000000000000000000000000000000000000000000000002000000000000000000000000000000000000000000000000000000000000000a000000000000000000000000000000000000000000000000000000000000000e00000000000000000000000000000000000000000000000000000000000000120000000000000000000000000000000000000000000000000000000000000016000000000000000000000000068a47fe1cf42eba4a030a10cd4d6a1031ca3ca0a00000000000000000000000000000000000000000000000000000000000000010000000000000000000000004a4ef9ee3e64896d67e45d3599020707742d366a0000000000000000000000000000000000000000000000000000000000000001000000000000000000000000efdf4dfc4e817197851266acf0082a80dab18b240000000000000000000000000000000000000000000000000000000000000001000000000000000000002710efdf4dfc4e817197851266acf0082a80dab18b2400000000000000000000000000000000000000000000000000000000000000010000000000000000000000000000000000000000000000000000000000000020000000000000000000000000000000000000000000000000000000000000000000000000000000000000000000000000000000000000000000000000000000000000000000000000000000000000000000000000000000000000000000000000000000000000000000000000000000000000000000000000000000000000000000000000000000000000000000000000000000000000000000000000,,14180911,265708,15055,0x810c705b,
23779667,1762908515,0xef2aff09135ebe08cb9183acb6ee6fc7a42dd4e627ca94bab65b18e4b0a4d6e2,9,0x9ead60087c1942f12deb6c0d8dc047e576496178d0de5dc0c695c26ff324ca11,66,0xbe982c014bc3b3d847782e9fc1162ab34f260134,0xd112624104f82538e29ecfd9efb491e913aff973,45000000000000000,21000,165342348,0,1,0x,,5891014,21000,19287,0x,
23779653,1762908347,0xec7e9cf95667ef4b18ba415cffcd82b56228a187ca9215b4b461625ae930180c,8,0x036f3cdbc9721387397e124978673c4f638d0f18f5048285074b9f93cdcef69a,170,0xbe982c014bc3b3d847782e9fc1162ab34f260134,0xb300000b72deaeb607a12d5f54773d1c19c7028d,0,432393,170764688,0,1,0x810c705b000000000000000000000000ce57c3984a549f28b5173ebae96d3e662f3760a70000000000000000000000003d90f66b534dd8482b181e24655a9e8265316be9000000000000000000000000c52c326331e9ce41f04484d3b5e56481580288040000000000000000000000000000000000000000000003cfc82e37e9a7400000000000000000000000000000000000000000000000000000000000000000000000000000000000000000000000000000000000000000000000a72ffe541accc300000000000000000000000000000000000000000000000000000000000000e000000000000000000000000000000000000000000000000000000000000004a447ee97ff0000000000000000000000000000000000000000000000009e724bdab9df1a9200000000000000000000000000000000000000000000000000000000000000000000000000000000000000000000000000000000000000000000000000000000000000000000000000000000000000000000000000000000000000000000000000000000000000000000000000000000000000000000000000a937d4d9ca48840000000000000000000000000000000000000000000000000000000000000000000000000000000000000000c52c326331e9ce41f04484d3b5e5648158028804000000000000000000000000eeeeeeeeeeeeeeeeeeeeeeeeeeeeeeeeeeeeeeee0000000000000000000000000000000000000000000003cfc82e37e9a740000000000000000000000000000000000000000000000000000000a72ffe541accc4000000000000000000000000000000000000000000000000000000006913da9b00000000000000000000000000000000000000000000000000000000000001c00000000000000000000000000000000000000000000000000000000000000200000000000000000000000000000000000000000000000000000000000000044000000000000000000000000000000000000000000000000000000000000000010000000000000000000000000000000000000000000003cfc82e37e9a7400000000000000000000000000000000000000000000000000000000000000000000100000000000000000000000000000000000000000000000000000000000000200000000000000000000000000000000000000000000000000000000000000001000000000000000000000000000000000000000000000000000000000000002000000000000000000000000000000000000000000000000000000000000000a000000000000000000000000000000000000000000000000000000000000000e000000000000000000000000000000000000000000000000000000000000001200000000000000000000000000000000000000000000000000000000000000160000000000000000000000000c52c326331e9ce41f04484d3b5e564815802880400000000000000000000000000000000000000000000000000000000000000010000000000000000000000004a4ef9ee3e64896d67e45d3599020707742d366a0000000000000000000000000000000000000000000000000000000000000001000000000000000000000000797e1dc0738f2f047d7e0dd185e41a35f87c56180000000000000000000000000000000000000000000000000000000000000001800000000000000000002710797e1dc0738f2f047d7e0dd185e41a35f87c561800000000000000000000000000000000000000000000000000000000000000010000000000000000000000000000000000000000000000000000000000000020000000000000000000000000000000000000000000000000000000000000000000000000000000000000000000000000000000000000000000000000000000000000000000000000000000000000000000000000000000000000000000000000000000000000000000000000000000000000000000000000000000000000000000000000000000000000000000000000000000000000000000000000,,13471363,281919,19301,0x810c705b,
23779652,1762908335,0xb7901120436a3be23d18d47da497283102e589622ab444fdcab37c3f400ba772,7,0xb9e322fa6541e4f4ed56fe8f5d15f68cef3d1db36a730404711b71587395bdbd,167,0xbe982c014bc3b3d847782e9fc1162ab34f260134,0xc52c326331e9ce41f04484d3b5e5648158028804,0,65586,171810160,0,1,0x095ea7b3000000000000000000000000b300000b72deaeb607a12d5f54773d1c19c7028dffffffffffffffffffffffffffffffffffffffffffffffffffffffffffffffff,,15497005,53858,19302,0x095ea7b3,"approve(address _spender, uint256 _value)"
23779494,1762906427,0x7022a61a27aa83a4ffb02f7f5f15f9ac4f748d694d625e6270a29c877ff541dc,6,0x261f35ca2de589c0cd2d9a5a0d8bd5dd30bb971f57f75fbdaf3e64e40591b768,57,0xbe982c014bc3b3d847782e9fc1162ab34f260134,0x8820fabc529d143ddbc52c48ad45c1d65dff44e2,30000000000000000,21000,229161307,0,1,0x,,10922332,21000,19460,0x,
23779489,1762906367,0x43f2887569b4eaaeb3c562509b17a59bc8f4bbec7df6b3960ce9492795b59545,5,0x1fb460b70ab9795d448c8aa039fe3bc82d906c36d700365f3fbcb59a36a1790d,86,0xbe982c014bc3b3d847782e9fc1162ab34f260134,0xb300000b72deaeb607a12d5f54773d1c19c7028d,0,407662,220138407,0,1,0x810c705b000000000000000000000000ce57c3984a549f28b5173ebae96d3e662f3760a70000000000000000000000003d90f66b534dd8482b181e24655a9e8265316be900000000000000000000000068a47fe1cf42eba4a030a10cd4d6a1031ca3ca0a000000000000000000000000000000000000000000000000000000037e11d6000000000000000000000000000000000000000000000000000000000000000000000000000000000000000000000000000000000000000000006b44003bcf11a800000000000000000000000000000000000000000000000000000000000000e000000000000000000000000000000000000000000000000000000000000004a447ee97ff00000000000000000000000000000000000000000000000049bdeae94b89a76b000000000000000000000000000000000000000000000000000000000000000000000000000000000000000000000000000000000000000000000000000000000000000000000000000000000000000000000000000000000000000000000000000000000000000000000000000000000000000000000000006c9185efd6c424000000000000000000000000000000000000000000000000000000000000000000000000000000000000000068a47fe1cf42eba4a030a10cd4d6a1031ca3ca0a000000000000000000000000eeeeeeeeeeeeeeeeeeeeeeeeeeeeeeeeeeeeeeee000000000000000000000000000000000000000000000000000000037e11d600000000000000000000000000000000000000000000000000006b44003bcf11a9000000000000000000000000000000000000000000000000000000006913d2d900000000000000000000000000000000000000000000000000000000000001c0000000000000000000000000000000000000000000000000000000000000020000000000000000000000000000000000000000000000000000000000000004400000000000000000000000000000000000000000000000000000000000000001000000000000000000000000000000000000000000000000000000037e11d600000000000000000000000000000000000000000000000000000000000000000100000000000000000000000000000000000000000000000000000000000000200000000000000000000000000000000000000000000000000000000000000001000000000000000000000000000000000000000000000000000000000000002000000000000000000000000000000000000000000000000000000000000000a000000000000000000000000000000000000000000000000000000000000000e00000000000000000000000000000000000000000000000000000000000000120000000000000000000000000000000000000000000000000000000000000016000000000000000000000000068a47fe1cf42eba4a030a10cd4d6a1031ca3ca0a00000000000000000000000000000000000000000000000000000000000000010000000000000000000000004a4ef9ee3e64896d67e45d3599020707742d366a0000000000000000000000000000000000000000000000000000000000000001000000000000000000000000efdf4dfc4e817197851266acf0082a80dab18b240000000000000000000000000000000000000000000000000000000000000001000000000000000000002710efdf4dfc4e817197851266acf0082a80dab18b2400000000000000000000000000000000000000000000000000000000000000010000000000000000000000000000000000000000000000000000000000000020000000000000000000000000000000000000000000000000000000000000000000000000000000000000000000000000000000000000000000000000000000000000000000000000000000000000000000000000000000000000000000000000000000000000000000000000000000000000000000000000000000000000000000000000000000000000000000000000000000000000000000000000,,19103656,265689,19465,0x810c705b,
23779324,1762904375,0x6af696543a0c8d659c22ba1f505641dacb8015e69197b74eca7406582b75bd9a,4,0x8ce57e8b5bfd3a8b6f251424edfc03a281be5b17feb588cf8c51100a8a80a3b4,129,0xbe982c014bc3b3d847782e9fc1162ab34f260134,0xdac17f958d2ee523a2206206994597c13d831ec7,0,55470,183734594,0,1,0xa9059cbb000000000000000000000000fcccbb681008c080a9e88764f8738630163823a500000000000000000000000000000000000000000000000000000000063ad264,,17398835,41309,19630,0xa9059cbb,"transfer(address _to, uint256 _value)"
23779301,1762904099,0x6c9c394099e46194da86bbac5527c7020ad3dfd0b07a6605a6cf05e48ef49d68,3,0xf4b8996b2f351b71d70c5548fa23e6fa773b8eeed0f61f95a62b795ea29f7f78,60,0xbe982c014bc3b3d847782e9fc1162ab34f260134,0xb300000b72deaeb607a12d5f54773d1c19c7028d,0,512473,194846182,0,1,0x810c705b000000000000000000000000ce57c3984a549f28b5173ebae96d3e662f3760a70000000000000000000000003d90f66b534dd8482b181e24655a9e8265316be900000000000000000000000068a47fe1cf42eba4a030a10cd4d6a1031ca3ca0a000000000000000000000000000000000000000000000000000000037e11d600000000000000000000000000dac17f958d2ee523a2206206994597c13d831ec700000000000000000000000000000000000000000000000000000000062b8d9200000000000000000000000000000000000000000000000000000000000000e000000000000000000000000000000000000000000000000000000000000007e447ee97ff000000000000000000000000000000000000000000000000126c913abb4d500900000000000000000000000000000000000000000000000000000000000000000000000000000000000000000000000000000000000000000000000000000000000000000000000000000000000000000000000000000000000000000000000000000000000000000000000000000000000000000000000000000000063b8213000000000000000000000000000000000000000000000000000000000000000000000000000000000000000068a47fe1cf42eba4a030a10cd4d6a1031ca3ca0a000000000000000000000000dac17f958d2ee523a2206206994597c13d831ec7000000000000000000000000000000000000000000000000000000037e11d60000000000000000000000000000000000000000000000000000000000062b8d93000000000000000000000000000000000000000000000000000000006913c9fc00000000000000000000000000000000000000000000000000000000000001c0000000000000000000000000000000000000000000000000000000000000020000000000000000000000000000000000000000000000000000000000000007800000000000000000000000000000000000000000000000000000000000000001000000000000000000000000000000000000000000000000000000037e11d6000000000000000000000000000000000000000000000000000000000000000001000000000000000000000000000000000000000000000000000000000000002000000000000000000000000000000000000000000000000000000000000000020000000000000000000000000000000000000000000000000000000000000040000000000000000000000000000000000000000000000000000000000000020000000000000000000000000000000000000000000000000000000000000000a000000000000000000000000000000000000000000000000000000000000000e00000000000000000000000000000000000000000000000000000000000000120000000000000000000000000000000000000000000000000000000000000016000000000000000000000000068a47fe1cf42eba4a030a10cd4d6a1031ca3ca0a00000000000000000000000000000000000000000000000000000000000000010000000000000000000000004a4ef9ee3e64896d67e45d3599020707742d366a0000000000000000000000000000000000000000000000000000000000000001000000000000000000000000efdf4dfc4e817197851266acf0082a80dab18b240000000000000000000000000000000000000000000000000000000000000001000000000000000000002710efdf4dfc4e817197851266acf0082a80dab18b2400000000000000000000000000000000000000000000000000000000000000010000000000000000000000000000000000000000000000000000000000000020000000000000000000000000000000000000000000000000000000000000000000000000000000000000000000000000000000000000000000000000000000a000000000000000000000000000000000000000000000000000000000000000e000000000000000000000000000000000000000000000000000000000000001200000000000000000000000000000000000000000000000000000000000000160000000000000000000000000c02aaa39b223fe8d0a0e5c4f27ead9083c756cc200000000000000000000000000000000000000000000000000000000000000010000000000000000000000002b3acfc9f10d52cd3a5bfc2639470e3a7ed1507000000000000000000000000000000000000000000000000000000000000000010000000000000000000000002b3acfc9f10d52cd3a5bfc2639470e3a7ed150700000000000000000000000000000000000000000000000000000000000000001800000000000000000002710000000000000000000000000000000000000000000000000000000000000000000000000000000000000000000000000000000010000000000000000000000000000000000000000000000000000000000000020000000000000000000000000000000000000000000000000000000000000016000000000000000000000000000000000000000000000000000000000000000200000000000000000000000000000000000000000000000000000000000000000000000000000000000000000000000000000000000000000000000000000004000000000000000000000000000000000000000000000000000000000000000010000000000000000000000000000000000000000000000000000000000000020000000000000000000000000dac17f958d2ee523a2206206994597c13d831ec700000000000000000000000000000000000000000000000000000000000000640000000000000000000000000000000000000000000000000000000000000001000000000000000000000000000000000000000000000000000000000000000000000000000000000000000000000000000000000000000000000000000000a0000000000000000000000000000000000000000000000000000000000000000000000000000000000000000000000000000000000000000000000000000000000000000000000000000000000000000000000000000000000000000000000000000000000000000000000000000000000000000000000000000000000000000000000000000000000000000000000000000000000000000000000000,,10031759,334494,19653,0x810c705b,
23747490,1762519703,0x953e936fe2d43073fad770d63ebb894c08f170d923d0930aa0cb328eff25a273,2,0x37a70c8c10a23081a90df7c261f3f22cd967711a3ae78630b922076a32a52aec,121,0xbe982c014bc3b3d847782e9fc1162ab34f260134,0xdac17f958d2ee523a2206206994597c13d831ec7,0,76194,2987906182,0,1,0xa9059cbb000000000000000000000000d112624104f82538e29ecfd9efb491e913aff9730000000000000000000000000000000000000000000000000000000008dd4a52,,19147448,58409,51464,0xa9059cbb,"transfer(address _to, uint256 _value)"
23747480,1762519583,0x5f4d0ab4d5119658de8d58eb5136992dec65ee66c818f497c17072e82e7e3a0a,1,0xb04a69446e59fcdf354cab94ec77cb66d4ae80ed56fbfc9c671a4f126bb7a6c6,54,0xbe982c014bc3b3d847782e9fc1162ab34f260134,0xb300000b72deaeb607a12d5f54773d1c19c7028d,0,746305,2869945198,0,1,0x810c705b000000000000000000000000ce57c3984a549f28b5173ebae96d3e662f3760a70000000000000000000000003d90f66b534dd8482b181e24655a9e8265316be900000000000000000000000068a47fe1cf42eba4a030a10cd4d6a1031ca3ca0a0000000000000000000000000000000000000000000000000000000607c2a300000000000000000000000000dac17f958d2ee523a2206206994597c13d831ec70000000000000000000000000000000000000000000000000000000008cb896c00000000000000000000000000000000000000000000000000000000000000e00000000000000000000000000000000000000000000000000000000000000a4447ee97ff0000000000000000000000000000000000000000000000002d9fef68aa3671a80000000000000000000000000000000000000000000000000000000000000000000000000000000000000000000000000000000000000000000000000000000000000000000000000000000000000000000000000000000000000000000000000000000000000000000000000000000000000000000000000000000008e24794000000000000000000000000000000000000000000000000000000000000000000000000000000000000000068a47fe1cf42eba4a030a10cd4d6a1031ca3ca0a000000000000000000000000dac17f958d2ee523a2206206994597c13d831ec70000000000000000000000000000000000000000000000000000000607c2a3000000000000000000000000000000000000000000000000000000000008cb896d00000000000000000000000000000000000000000000000000000000690debf900000000000000000000000000000000000000000000000000000000000001c0000000000000000000000000000000000000000000000000000000000000020000000000000000000000000000000000000000000000000000000000000009e000000000000000000000000000000000000000000000000000000000000000010000000000000000000000000000000000000000000000000000000607c2a30000000000000000000000000000000000000000000000000000000000000000010000000000000000000000000000000000000000000000000000000000000020000000000000000000000000000000000000000000000000000000000000000300000000000000000000000000000000000000000000000000000000000000600000000000000000000000000000000000000000000000000000000000000220000000000000000000000000000000000000000000000000000000000000054000000000000000000000000000000000000000000000000000000000000000a000000000000000000000000000000000000000000000000000000000000000e00000000000000000000000000000000000000000000000000000000000000120000000000000000000000000000000000000000000000000000000000000016000000000000000000000000068a47fe1cf42eba4a030a10cd4d6a1031ca3ca0a00000000000000000000000000000000000000000000000000000000000000010000000000000000000000004a4ef9ee3e64896d67e45d3599020707742d366a0000000000000000000000000000000000000000000000000000000000000001000000000000000000000000efdf4dfc4e817197851266acf0082a80dab18b240000000000000000000000000000000000000000000000000000000000000001000000000000000000002710efdf4dfc4e817197851266acf0082a80dab18b2400000000000000000000000000000000000000000000000000000000000000010000000000000000000000000000000000000000000000000000000000000020000000000000000000000000000000000000000000000000000000000000000000000000000000000000000000000000000000000000000000000000000000a000000000000000000000000000000000000000000000000000000000000000e000000000000000000000000000000000000000000000000000000000000001200000000000000000000000000000000000000000000000000000000000000160000000000000000000000000c02aaa39b223fe8d0a0e5c4f27ead9083c756cc200000000000000000000000000000000000000000000000000000000000000010000000000000000000000002b3acfc9f10d52cd3a5bfc2639470e3a7ed1507000000000000000000000000000000000000000000000000000000000000000010000000000000000000000002b3acfc9f10d52cd3a5bfc2639470e3a7ed150700000000000000000000000000000000000000000000000000000000000000001800000000000000000002710000000000000000000000000000000000000000000000000000000000000000000000000000000000000000000000000000000010000000000000000000000000000000000000000000000000000000000000020000000000000000000000000000000000000000000000000000000000000016000000000000000000000000000000000000000000000000000000000000000200000000000000000000000000000000000000000000000000000000000000000000000000000000000000000000000000000000000000000000000000000004000000000000000000000000000000000000000000000000000000000000000010000000000000000000000000000000000000000000000000000000000000020000000000000000000000000a0b86991c6218b36c1d19d4a2e9eb0ce3606eb4800000000000000000000000000000000000000000000000000000000000000640000000000000000000000000000000000000000000000000000000000000001000000000000000000000000000000000000000000000000000000000000000000000000000000000000000000000000000000000000000000000000000000a0000000000000000000000000000000000000000000000000000000000000000000000000000000000000000000000000000000000000000000000000000000a000000000000000000000000000000000000000000000000000000000000000e000000000000000000000000000000000000000000000000000000000000001200000000000000000000000000000000000000000000000000000000000000160000000000000000000000000a0b86991c6218b36c1d19d4a2e9eb0ce3606eb48000000000000000000000000000000000000000000000000000000000000000100000000000000000000000081fe240438f0631da32aaf5aba35f8960d2e78c9000000000000000000000000000000000000000000000000000000000000000100000000000000000000000081fe240438f0631da32aaf5aba35f8960d2e78c900000000000000000000000000000000000000000000000000000000000000010000000000000000000027104f493b7de8aac7d55f71853688b1f7c8f0243c85000000000000000000000000000000000000000000000000000000000000000100000000000000000000000000000000000000000000000000000000000000200000000000000000000000000000000000000000000000000000000000000080000000000000000000000000a0b86991c6218b36c1d19d4a2e9eb0ce3606eb48000000000000000000000000dac17f958d2ee523a2206206994597c13d831ec70000000000000000000000000000000000000000000000000000000000000000000000000000000000000000000000000000000000000000000000000000000100000000000000000000000000000000000000000000000000000000000000000000000000000000000000000000000000000000000000000000000000000000000000000000000000000000000000000000000000000000000000000000000000000000000000000000000000000000000000000000000000000000,,12172767,488051,51474,0x810c705b,
23747479,1762519571,0x92c7a3d661cf52c1e83ecedd1d6bf0977685726ce96e7900d1d351bd9dd4f6d9,0,0x9be6a0be652a34c73d6cde65cdb19f4296a5d4318b2f3f7da11e5bcf47db7659,193,0xbe982c014bc3b3d847782e9fc1162ab34f260134,0x68a47fe1cf42eba4a030a10cd4d6a1031ca3ca0a,0,56421,2768748946,0,1,0x095ea7b3000000000000000000000000b300000b72deaeb607a12d5f54773d1c19c7028dffffffffffffffffffffffffffffffffffffffffffffffffffffffffffffffff,,24261210,46635,51475,0x095ea7b3,"approve(address _spender, uint256 _value)"
23747474,1762519511,0xd2292e3b0556a5d5db553560c806ebdd6500777bff1734f1cfba50878ec056e5,2205651,0x5e996ba322a514c1452d91b754cbd5c57ee17dda29725e126cb7695cf4ad686a,62,0x9642b23ed1e01df1092b92641051881a322f5d4e,0xbe982c014bc3b3d847782e9fc1162ab34f260134,6070160000000000,50000,5731034613,0,1,0x,,11061869,21000,51480,0x,
